,Scale ID,Scale,Dataset,Language,0,1,2,3,4,5,6,7
0,1,small-largeXX.rankings,wilkinson,EN,big,large,huge,enormous,gigantic,,,
1,1,small-largeXX.rankings,wilkinson,FR,grand,large,immense,énorme,gigantesque,,,
2,1,small-largeXX.rankings,wilkinson,EL,μεγάλος,ευρύς,τεράστιος,πελώριος,γιγάντιος,,,
3,1,small-largeXX.rankings,wilkinson,ES,grande,grandísimo,enorme,gigantesco,inmenso,,,
4,2,beautiful-uglyXX.rankings,wilkinson,EN,ugly,hideous,,,,,,
5,2,beautiful-uglyXX.rankings,wilkinson,FR,moche,hideux,,,,,,
6,2,beautiful-uglyXX.rankings,wilkinson,EL,άσχημος,φρικτός,,,,,,
7,2,beautiful-uglyXX.rankings,wilkinson,ES,feo,horrible,,,,,,
8,3,XXgood-bad.rankings,wilkinson,EN,good,great,wonderful,awesome,,,,
9,3,XXgood-bad.rankings,wilkinson,FR,bon,génial,merveilleux,impressionnant,,,,
10,3,XXgood-bad.rankings,wilkinson,EL,καλός,σπουδαίος,υπέροχος,καταπληκτικός,,,,
11,3,XXgood-bad.rankings,wilkinson,ES,bueno,genial,fantástico,impresionante,,,,
12,4,few-manyXX.rankings,wilkinson,EN,few,some,several,many,,,,
13,4,few-manyXX.rankings,wilkinson,FR,quelques-uns,certains,nombreux,beaucoup de,,,,
14,4,few-manyXX.rankings,wilkinson,EL,λίγοι,κάποιοι,μερικοί,πολλοί,,,,
15,4,few-manyXX.rankings,wilkinson,ES,pocos,algunos,varios,muchos,,,,
16,5,XXbright-dark.rankings,wilkinson,EN,light,bright,,,,,,
17,5,XXbright-dark.rankings,wilkinson,FR,lumineux,brillant,,,,,,
18,5,XXbright-dark.rankings,wilkinson,EL,φωτεινός,λαμπερός ,,,,,,
19,5,XXbright-dark.rankings,wilkinson,ES,luminoso,brillante,,,,,,
20,6,smart-stupidXX.rankings,wilkinson,EN,dumb,stupid,idiotic,,,,,
21,6,smart-stupidXX.rankings,wilkinson,FR,idiot,stupide,bête,,,,,
22,6,smart-stupidXX.rankings,wilkinson,EL,ηλίθιος,χαζός,βλακώδης,,,,,
23,6,smart-stupidXX.rankings,wilkinson,ES,tonto,estúpido,idiota,,,,,
24,7,XXhot-cold.rankings,wilkinson,EN,warm,hot,,,,,,
25,7,XXhot-cold.rankings,wilkinson,FR,chaleureux,chaud,,,,,,
26,7,XXhot-cold.rankings,wilkinson,EL,θερμός,ζεστός,,,,,,
27,7,XXhot-cold.rankings,wilkinson,ES,tibio,caliente,,,,,,
28,8,XXsmall-large.rankings,wilkinson,EN,small,tiny,miniscule,,,,,
29,8,XXsmall-large.rankings,wilkinson,FR,petit,infime,minuscule,,,,,
30,8,XXsmall-large.rankings,wilkinson,EL,μικρός,μικρούλης,μικροσκοπικός,,,,,
31,8,XXsmall-large.rankings,wilkinson,ES,pequeño,minúsculo,diminuto,,,,,
32,9,new-oldXX.rankings,wilkinson,EN,old,ancient,,,,,,
33,9,new-oldXX.rankings,wilkinson,FR,vieux,ancien,,,,,,
34,9,new-oldXX.rankings,wilkinson,EL,παλιός,αρχαίος,,,,,,
35,9,new-oldXX.rankings,wilkinson,ES,viejo,antiguo,,,,,,
36,10,bright-darkXX.rankings,wilkinson,EN,dim,dark,,,,,,
37,10,bright-darkXX.rankings,wilkinson,FR,sombre,foncé,,,,,,
38,10,bright-darkXX.rankings,wilkinson,EL,σκούρος,σκοτεινός,,,,,,
39,10,bright-darkXX.rankings,wilkinson,ES,sombrío,oscuro,,,,,,
40,11,different-sameXX.rankings,wilkinson,EN,similar,alike,same,,,,,
41,11,different-sameXX.rankings,wilkinson,FR,semblable,pareil,même,,,,,
42,11,different-sameXX.rankings,wilkinson,EL,όμοιος,παρόμοιος,ίδιος,,,,,
43,11,different-sameXX.rankings,wilkinson,ES,parecido,igual,idéntico,,,,,
44,12,XXnew-old.rankings,wilkinson,EN,fresh,new,,,,,,
45,12,XXnew-old.rankings,wilkinson,FR,frais,nouveau,,,,,,
46,12,XXnew-old.rankings,wilkinson,EL,φρέσκος,καινούριος,,,,,,
47,12,XXnew-old.rankings,wilkinson,ES,fresco,nuevo,,,,,,
48,13,XXsmart-stupid.rankings,wilkinson,EN,smart,intelligent,,,,,,
49,13,XXsmart-stupid.rankings,wilkinson,FR,malin,intelligent,,,,,,
50,13,XXsmart-stupid.rankings,wilkinson,EL,έξυπνος,ευφυής,,,,,,
51,13,XXsmart-stupid.rankings,wilkinson,ES,listo,inteligente,,,,,,
52,14,difficult-easyXX.rankings,wilkinson,EN,easy,simple,,,,,,
53,14,difficult-easyXX.rankings,wilkinson,FR,facile,simple,,,,,,
54,14,difficult-easyXX.rankings,wilkinson,EL,εύκολος,απλός,,,,,,
55,14,difficult-easyXX.rankings,wilkinson,ES,fácil,simple,,,,,,
56,15,hot-coldXX.rankings,wilkinson,EN,warm,cold,freezing,,,,,
57,15,hot-coldXX.rankings,wilkinson,FR,chaud,froid,glacial,,,,,
58,15,hot-coldXX.rankings,wilkinson,EL,θερμός,κρύος,παγωμένος,,,,,
59,15,hot-coldXX.rankings,wilkinson,ES,tibio,frío,helado,,,,,
60,16,XXbeautiful-ugly.rankings,wilkinson,EN,pretty,beautiful,gorgeous,,,,,
61,16,XXbeautiful-ugly.rankings,wilkinson,FR,joli || mignon,beau,magnifique,,,,,
62,16,XXbeautiful-ugly.rankings,wilkinson,EL,χαριτωμένος,όμορφος,υπέροχος,,,,,
63,16,XXbeautiful-ugly.rankings,wilkinson,ES,bonito,bello,precioso,,,,,
64,17,slow-fastXX.rankings,wilkinson,EN,quick,fast,speedy,,,,,
65,17,slow-fastXX.rankings,wilkinson,FR,agile,rapide,prompt,,,,,
66,17,slow-fastXX.rankings,wilkinson,EL,γρήγορος,ταχύς,σβέλτος,,,,,
67,17,slow-fastXX.rankings,wilkinson,ES,rápido,veloz,,,,,,
68,18,good-badXX.rankings,wilkinson,EN,bad,awful,terrible,horrible,,,,
69,18,good-badXX.rankings,wilkinson,FR,mauvais,affreux,terrible,horrible,,,,
70,18,good-badXX.rankings,wilkinson,EL,κακός,απαίσιος,τρομερός,φρικτός,,,,
71,18,good-badXX.rankings,wilkinson,ES,malo,terrible,horrible,horroroso,,,,
72,19,XXdry-wet.rankings,wilkinson,EN,dry,arid,parched,,,,,
73,19,XXdry-wet.rankings,wilkinson,FR,sec,aride,asséché || desséché,,,,,
74,19,XXdry-wet.rankings,wilkinson,EL,ξερός || ξηρός || στεγνός,άνυδρος,κατάξερος,,,,,
75,19,XXdry-wet.rankings,wilkinson,ES,seco,reseco,árido,,,,,
76,20,XXdifficult-easy.rankings,wilkinson,EN,hard,difficult,,,,,,
77,20,XXdifficult-easy.rankings,wilkinson,FR,dur,difficile,,,,,,
78,20,XXdifficult-easy.rankings,wilkinson,EL,σκληρός,δύσκολος,,,,,,
79,20,XXdifficult-easy.rankings,wilkinson,ES,duro,difícil,,,,,,
80,21,dry-wetXX.rankings,wilkinson,EN,damp,moist,wet,,,,,
81,21,dry-wetXX.rankings,wilkinson,FR,moite,mouillé,humide,,,,,
82,21,dry-wetXX.rankings,wilkinson,EL,νοτισμένος,υγρός,βρεγμένος,,,,,
83,21,dry-wetXX.rankings,wilkinson,ES,húmedo,mojado,empapado,,,,,
84,22,XXfat-lean.rankings,demelo,EN,overweight,chubby,fat,obese,,,,
85,22,XXfat-lean.rankings,demelo,FR,en surpoids,rondelet,gros,obèse,,,,
86,22,XXfat-lean.rankings,demelo,EL,υπέρβαρος,παχουλός,χονδρός,παχύσαρκος,,,,
87,22,XXfat-lean.rankings,demelo,ES,con sobrepeso,regordete,gordo,obeso,,,,
88,23,XXclean-dirty.rankings,demelo,EN,clean,spotless || immaculate,,,,,,
89,23,XXclean-dirty.rankings,demelo,FR,propre,impeccable || immaculé,,,,,,
90,23,XXclean-dirty.rankings,demelo,EL,καθαρός,πεντακάθαρος ,,,,,,
91,23,XXclean-dirty.rankings,demelo,ES,limpio,impoluto,inmaculado,,,,,
92,24,XXbig-little.rankings,demelo,EN,sizeable,big || large,huge,colossal,,,,
93,24,XXbig-little.rankings,demelo,FR,considérable,grand,énorme || immense,colossal,,,,
94,24,XXbig-little.rankings,demelo,EL,σημαντικός,μεγάλος,τεράστιος,κολοσσιαίος,,,,
95,24,XXbig-little.rankings,demelo,ES,considerable,grande,enorme,colosal,,,,
96,25,XXsatisfactory-unsatisfactory.rankings,demelo,EN,acceptable || okay || alright,right,,,,,,
97,25,XXsatisfactory-unsatisfactory.rankings,demelo,FR,acceptable ,correct ,,,,,,
98,25,XXsatisfactory-unsatisfactory.rankings,demelo,EL,αποδεκτός,σωστός,,,,,,
99,25,XXsatisfactory-unsatisfactory.rankings,demelo,ES,aceptable,correcto,,,,,,
100,26,XXmany-few.rankings,demelo,EN,some,many,numerous,galore,,,,
101,26,XXmany-few.rankings,demelo,FR,certains || quelques,beaucoup de,nombreux,en abondance,,,,
102,26,XXmany-few.rankings,demelo,EL,μερικοί,πολλοί,πολυάριθμοι,άφθονοι,,,,
103,26,XXmany-few.rankings,demelo,ES,algunos,muchos,numerosos,abundantes,,,,
104,27,XXtasty-tasteless.rankings,demelo,EN,flavorful,zesty,hot || spicy,,,,,
105,27,XXtasty-tasteless.rankings,demelo,FR,goûteux || savoureux,piquant,épicé,,,,,
106,27,XXtasty-tasteless.rankings,demelo,EL,γευστικός,πικάντικος,καυτερός,,,,,
107,27,XXtasty-tasteless.rankings,demelo,ES,sabroso,fuerte,picante,,,,,
108,28,XXinvolved-uninvolved.rankings,demelo,EN,interested,concerned,involved,,,,,
109,28,XXinvolved-uninvolved.rankings,demelo,FR,intéressé,concerné ,impliqué,,,,,
110,28,XXinvolved-uninvolved.rankings,demelo,EL,ενδιαφερόμενος,προβληματισμένος,εμπλεκόμενος,,,,,
111,28,XXinvolved-uninvolved.rankings,demelo,ES,interesado,implicado,involucrado,,,,,
112,29,XXthick-thin.rankings,demelo,EN,thick,dense,impenetrable,,,,,
113,29,XXthick-thin.rankings,demelo,FR,épais,dense ,impénétrable,,,,,
114,29,XXthick-thin.rankings,demelo,EL,παχύς,πυκνός,αδιαπέραστος,,,,,
115,29,XXthick-thin.rankings,demelo,ES,grueso,espeso,impenetrable,,,,,
116,30,XXbloody-bloodless.rankings,demelo,EN,violent,homicidal || murderous,,,,,,
117,30,XXbloody-bloodless.rankings,demelo,FR,violent,meurtrier,,,,,,
118,30,XXbloody-bloodless.rankings,demelo,EL,βίαιος,δολοφονικός,,,,,,
119,30,XXbloody-bloodless.rankings,demelo,ES,violento,homicida || asesino,,,,,,
120,31,hopeful-hopelessXX.rankings,demelo,EN,bleak || desperate,hopeless,,,,,,
121,31,hopeful-hopelessXX.rankings,demelo,FR,morne,désespéré,,,,,,
122,31,hopeful-hopelessXX.rankings,demelo,EL,θλιμμένος || θλιβερός,απελπισμένος,,,,,,
123,31,hopeful-hopelessXX.rankings,demelo,ES,desolador || desalentador,desesperado,,,,,,
124,32,loose-tightXX.rankings,demelo,EN,close,tight,snug,,,,,
125,32,loose-tightXX.rankings,demelo,FR,proche,serré ,moulant,,,,,
126,32,loose-tightXX.rankings,demelo,EL,στενός,σφιχτός ,κολλητός,,,,,
127,32,loose-tightXX.rankings,demelo,ES,ajustado,apretado,ceñido,,,,,
128,33,XXcomprehensive-incomprehensive2.rankings,demelo,EN,general,extensive,complete || comprehensive,universal,,,,
129,33,XXcomprehensive-incomprehensive2.rankings,demelo,FR,général,vaste,complet || exhaustif,universel,,,,
130,33,XXcomprehensive-incomprehensive2.rankings,demelo,EL,γενικός,εκτενής || εκτεταμένος,πλήρης,καθολικός,,,,
131,33,XXcomprehensive-incomprehensive2.rankings,demelo,ES,general,extenso || amplio,completo,universal,,,,
132,34,current-noncurrentXX.rankings,demelo,EN,old,obsolete || outdated,,,,,,
133,34,current-noncurrentXX.rankings,demelo,FR,vieux || ancien,obsolète || désuet,,,,,,
134,34,current-noncurrentXX.rankings,demelo,EL,παλιός,απαρχαιωμένος || ξεπερασμένος,,,,,,
135,34,current-noncurrentXX.rankings,demelo,ES,viejo,anticuado,obsoleto ,,,,,
136,35,XXserious-frivolous.rankings,demelo,EN,real,solemn,serious,grave,,,,
137,35,XXserious-frivolous.rankings,demelo,FR,réel ,solennel,sérieux,grave,,,,
138,35,XXserious-frivolous.rankings,demelo,EL,πραγματικός,επίσημος,σοβαρός,βαρύς,,,,
139,35,XXserious-frivolous.rankings,demelo,ES,real,solemne,serio,grave,,,,
140,36,XXcontent-discontent.rankings,demelo,EN,content || satisfied,pleased || happy,,,,,,
141,36,XXcontent-discontent.rankings,demelo,FR,content || satisfait,heureux,ravi,,,,,
142,36,XXcontent-discontent.rankings,demelo,EL,ικανοποιημένος,χαρούμενος || ευτυχής,πανευτυχής,,,,,
143,36,XXcontent-discontent.rankings,demelo,ES,satisfecho,complacido,contento,feliz,,,,
144,37,XXhappy-unhappy.rankings,demelo,EN,happy || content,euphoric,,,,,,
145,37,XXhappy-unhappy.rankings,demelo,FR,heureux || content,euphorique,,,,,,
146,37,XXhappy-unhappy.rankings,demelo,EL,ευτυχισμένος || ευτυχής,ευφορικός ,,,,,,
147,37,XXhappy-unhappy.rankings,demelo,ES,contento,feliz,eufórico,,,,,
148,38,far-closeXX.rankings,demelo,EN,nearby || near,close,adjacent,,,,,
149,38,far-closeXX.rankings,demelo,FR,proche || à proximité,à côté,adjacent || contigu,,,,,
150,38,far-closeXX.rankings,demelo,EL,κοντινός || εγγύς,διπλανός,γειτονικός || παρακείμενος,,,,,
151,38,far-closeXX.rankings,demelo,ES,cercano,contiguo || adyacente,,,,,,
152,39,XXseductive-unseductive.rankings,demelo,EN,attractive,sexy,seductive,,,,,
153,39,XXseductive-unseductive.rankings,demelo,FR,attirant,sexy,séduisant ,,,,,
154,39,XXseductive-unseductive.rankings,demelo,EL,γοητευτικός,σέξυ,θελκτικός || ελκυστικός,,,,,
155,39,XXseductive-unseductive.rankings,demelo,ES,atractivo,sexy,seductor,,,,,
156,40,careful-carelessXX.rankings,demelo,EN,negligent,careless,reckless,,,,,
157,40,careful-carelessXX.rankings,demelo,FR,négligent,imprudent,téméraire,,,,,
158,40,careful-carelessXX.rankings,demelo,EL,αμελής || απρόσεκτος,ανεύθυνος,απερίσκεπτος,,,,,
159,40,careful-carelessXX.rankings,demelo,ES,descuidado,negligente,temerario,,,,,
160,41,XXecht-counterfeit.rankings,demelo,EN,good,real,authentic,,,,,
161,41,XXecht-counterfeit.rankings,demelo,FR,bon,réel,authentique,,,,,
162,41,XXecht-counterfeit.rankings,demelo,EL,αληθινός,πραγματικός,αυθεντικός,,,,,
163,41,XXecht-counterfeit.rankings,demelo,ES,verdadero,real,auténtico,,,,,
164,42,XXnoxious-innocuous.rankings,demelo,EN,harmful,toxic,deadly,,,,,
165,42,XXnoxious-innocuous.rankings,demelo,FR,nocif || nuisible,toxique,mortel,,,,,
166,42,XXnoxious-innocuous.rankings,demelo,EL,επιβλαβής || βλαβερός,τοξικός,καταστροφικός || θανατηφόρος,,,,,
167,42,XXnoxious-innocuous.rankings,demelo,ES,perjudicial,tóxico,mortal || letal,,,,,
168,43,honest-dishonestXX.rankings,demelo,EN,misleading,deceptive || fraudulent,FALSE,,,,,
169,43,honest-dishonestXX.rankings,demelo,FR,trompeur,fallacieux,faux,,,,,
170,43,honest-dishonestXX.rankings,demelo,EL,παραπλανητικός,δόλιος || ανέντιμος,πλαστός || ψεύτικος,,,,,
171,43,honest-dishonestXX.rankings,demelo,ES,engañoso || equívoco,fraudulento,falso,,,,,
172,44,noticed-unnoticedXX.rankings,demelo,EN,neglected,ignored || overlooked,forgotten,,,,,
173,44,noticed-unnoticedXX.rankings,demelo,FR,négligé || délaissé,ignoré || omis,oublié,,,,,
174,44,noticed-unnoticedXX.rankings,demelo,EL,παραμελημένος,παρατημένος ,ξεχασμένος,,,,,
175,44,noticed-unnoticedXX.rankings,demelo,ES,descuidado,desatendido,ignorado,olvidado,,,,
176,45,hot-cold2XX.rankings,demelo,EN,cool,cold,frigid,icy || frozen,,,,
177,45,hot-cold2XX.rankings,demelo,FR,frais,froid,glacé,glacial || gelé,,,,
178,45,hot-cold2XX.rankings,demelo,EL,δροσερός,κρύος ,παγωμένος,κατεψυγμένος,,,,
179,45,hot-cold2XX.rankings,demelo,ES,fresco,frío,helado,congelado,,,,
180,46,light-darkXX.rankings,demelo,EN,dim,gloomy,dark,black,,,,
181,46,light-darkXX.rankings,demelo,FR,terne,sombre,foncé,noir,,,,
182,46,light-darkXX.rankings,demelo,EL,αμυδρός || αχνός,μουντός,σκοτεινός,μαύρος,,,,
183,46,light-darkXX.rankings,demelo,ES,sombrío,tenebroso,oscuro,negro,,,,
184,7,XXhot-cold.rankings,demelo,EN,warm,hot,overheated,stifling || sultry,,,,
185,7,XXhot-cold.rankings,demelo,FR,chaleureux,chaud,surchauffé,étouffant || suffocant,,,,
186,7,XXhot-cold.rankings,demelo,EL,θερμός,ζεστός,υπερθερμασμένος,πνιγηρός || αποπνικτικός,,,,
187,7,XXhot-cold.rankings,demelo,ES,tibio,caliente,sobrecalentado,abrasador || sofocante,,,,
188,47,XXgeneral-specific.rankings,demelo,EN,broad || widespread,general,universal,,,,,
189,47,XXgeneral-specific.rankings,demelo,FR,large || étendu || répandu,général,universel ,,,,,
190,47,XXgeneral-specific.rankings,demelo,EL,ευρύς,γενικός,καθολικός,,,,,
191,47,XXgeneral-specific.rankings,demelo,ES,extendido,común,universal,,,,,
192,48,XXmature-green.rankings,demelo,EN,mature,ripe,overripe,,,,,
193,48,XXmature-green.rankings,demelo,FR,mûr,fait,blet,,,,,
194,48,XXmature-green.rankings,demelo,EL,ώριμος,γινωμένος,υπερώριμος || παραγινωμένος,,,,,
195,48,XXmature-green.rankings,demelo,ES,maduro,pasado,,,,,,
196,49,cardinal-ordinalXX.rankings,demelo,EN,first,second,third,fourth,fifth,sixth,seventh,eighth
197,49,cardinal-ordinalXX.rankings,demelo,FR,premier,deuxième || second,troisième,quatrième,cinquième,sixième,septième,huitième
198,49,cardinal-ordinalXX.rankings,demelo,EL,πρώτος,δεύτερος,τρίτος,τέταρτος,πέμπτος,έκτος,έβδομος,όγδοος
199,49,cardinal-ordinalXX.rankings,demelo,ES,primero,segundo,tercero,cuarto,quinto,sexto,séptimo,octavo
200,50,proud-humbleXX.rankings,demelo,EN,humbled,humiliated,crushed,,,,,
201,50,proud-humbleXX.rankings,demelo,FR,abaissé,humilié,mortifié || écrasé,,,,,
202,50,proud-humbleXX.rankings,demelo,EL,ντροπιασμένος || ρεζιλεμένος,ταπεινωμένος,εξευτελισμένος,,,,,
203,50,proud-humbleXX.rankings,demelo,ES,ridiculizado,humillado,destrozado,,,,,
204,51,XXattractive-unattractive.rankings,demelo,EN,attractive,beautiful,mesmerizing || seductive,,,,,
205,51,XXattractive-unattractive.rankings,demelo,FR,attirant,beau,fascinant || captivant,,,,,
206,51,XXattractive-unattractive.rankings,demelo,EL,ελκυστικός || γοητευτικός,όμορφος,καθηλωτικός || σαγηνευτικός,,,,,
207,51,XXattractive-unattractive.rankings,demelo,ES,guapo,atractivo,seductor || cautivador,,,,,
208,52,XXknown-unknown.rankings,demelo,EN,known,famous,legendary,,,,,
209,52,XXknown-unknown.rankings,demelo,FR,connu,célèbre,légendaire,,,,,
210,52,XXknown-unknown.rankings,demelo,EL,γνωστός,διάσημος,μυθικός,,,,,
211,52,XXknown-unknown.rankings,demelo,ES,conocido,famoso,legendario,,,,,
212,53,XXintelligent-stupid.rankings,demelo,EN,bright || intelligent || smart || clever,brilliant,,,,,,
213,53,XXintelligent-stupid.rankings,demelo,FR,intelligent || malin || futé || astucieux,brilliant ,,,,,,
214,53,XXintelligent-stupid.rankings,demelo,EL,έξυπνος || ευφυής,πανέξυπνος || ευφυέστατος,σαΐνι,,,,,
215,53,XXintelligent-stupid.rankings,demelo,ES,listo || ingenioso,inteligente,brillante,,,,,
216,54,XXcomposed-discomposed.rankings,demelo,EN,calm || cool,serene,,,,,,
217,54,XXcomposed-discomposed.rankings,demelo,FR,calme || tranquille,serein,,,,,,
218,54,XXcomposed-discomposed.rankings,demelo,EL,ήρεμος || ψύχραιμος,γαλήνιος || ατάραχος,,,,,,
219,54,XXcomposed-discomposed.rankings,demelo,ES,tranquilo || calmado,sereno,,,,,,
220,55,possible-impossibleXX.rankings,demelo,EN,impractical || impracticable,unrealistic,infeasible,impossible,,,,
221,55,possible-impossibleXX.rankings,demelo,FR,impraticable,irréaliste,infaisable,impossible,,,,
222,55,possible-impossibleXX.rankings,demelo,EL,ανεφάρμοστος,ουτοπικός,ανέφικτος,αδύνατος,,,,
223,55,possible-impossibleXX.rankings,demelo,ES,impracticable,irrealizable,inviable,imposible,,,,
224,56,XXalarming-unalarming.rankings,demelo,EN,creepy,scary || frightening,terrifying,sinister,,,,
225,56,XXalarming-unalarming.rankings,demelo,FR,louche,flippant || effrayant ,terrifiant,sinistre,,,,
226,56,XXalarming-unalarming.rankings,demelo,EL,ανατριχιαστικός,τρομακτικός,φρικιαστικός,καταχθόνιος,,,,
227,56,XXalarming-unalarming.rankings,demelo,ES,espantoso,espeluznante,aterrador,terrorífico,,,,
228,57,XXsurprising-unsurprising.rankings,demelo,EN,unexpected,astonishing || stunning,,,,,,
229,57,XXsurprising-unsurprising.rankings,demelo,FR,inattendu || imprévu,étonnant || stupéfiiant,,,,,,
230,57,XXsurprising-unsurprising.rankings,demelo,EL,απρόσμενος || απροσδόκητος,εντυπωσιακός,,,,,,
231,57,XXsurprising-unsurprising.rankings,demelo,ES,inesperado,sorprendente,asombroso || increíble,,,,,
232,58,attractive-unattractiveXX.rankings,demelo,EN,plain,unattractive,ugly,,,,,
233,58,attractive-unattractiveXX.rankings,demelo,FR,quelconque,laid,moche,,,,,
234,58,attractive-unattractiveXX.rankings,demelo,EL,απλός ,απωθητικός,άσχημος,,,,,
235,58,attractive-unattractiveXX.rankings,demelo,ES,del montón,mal parecido,feo,,,,,
236,59,favorable-unfavorableXX.rankings,demelo,EN,critical,negative,hostile,,,,,
237,59,favorable-unfavorableXX.rankings,demelo,FR,critique,négatif,hostile,,,,,
238,59,favorable-unfavorableXX.rankings,demelo,EL,επικριτικός,αρνητικός,εχθρικός,,,,,
239,59,favorable-unfavorableXX.rankings,demelo,ES,crítico,negativo,hostil,,,,,
240,60,XXpossible-impossible.rankings,demelo,EN,possible,realistic,feasible,practical,,,,
241,60,XXpossible-impossible.rankings,demelo,FR,possible,réaliste,faisable,pratique,,,,
242,60,XXpossible-impossible.rankings,demelo,EL,δυνατός,ρεαλιστικός,εφικτός,πρακτικός,,,,
243,60,XXpossible-impossible.rankings,demelo,ES,posible,realista,factible,práctico,,,,
244,61,open-closedXX.rankings,demelo,EN,closed,shut,sealed,,,,,
245,61,open-closedXX.rankings,demelo,FR,fermé,clos ,scellé || étanche,,,,,
246,61,open-closedXX.rankings,demelo,EL,κλειστός,σφαλισμένος,σφραγισμένος,,,,,
247,61,open-closedXX.rankings,demelo,ES,cerrado,sellado,hermético,,,,,
248,62,common-uncommonXX.rankings,demelo,EN,uncommon,unusual,rare,extraordinary,exceptional,,,
249,62,common-uncommonXX.rankings,demelo,FR,peu commun,inhabituel,rare,extraordinaire,exceptionnel,,,
250,62,common-uncommonXX.rankings,demelo,EL,ασυνήθιστος,σπάνιος,εντυπωσιακός,εξαιρετικός,,,,
251,62,common-uncommonXX.rankings,demelo,ES,poco común,inusual,raro,extraordinario,excepcional,,,
252,63,many-fewXX.rankings,demelo,EN,some,few,fewer,,,,,
253,63,many-fewXX.rankings,demelo,FR,quelques,peu de,moins de,,,,,
254,63,many-fewXX.rankings,demelo,EL,μερικοί,λίγοι,λιγότεροι,,,,,
255,63,many-fewXX.rankings,demelo,ES,algunos,pocos,menos,,,,,
256,64,superior-inferiorXX.rankings,demelo,EN,cheap || mediocre,bad,worst,,,,,
257,64,superior-inferiorXX.rankings,demelo,FR,médiocre,mauvais,pire,,,,,
258,64,superior-inferiorXX.rankings,demelo,EL,φτηνός || μέτριος,κακός,χειρότερος,,,,,
259,64,superior-inferiorXX.rankings,demelo,ES,barato,mediocre,malo,malísimo,,,,
260,65,XXfriendly-unfriendly.rankings,demelo,EN,friendly || cordial,warm,intimate,,,,,
261,65,XXfriendly-unfriendly.rankings,demelo,FR,amical || cordial,chaleureux,intime ,,,,,
262,65,XXfriendly-unfriendly.rankings,demelo,EL,φιλικός ,ζεστός,οικείος,,,,,
263,65,XXfriendly-unfriendly.rankings,demelo,ES,cordial,amigable,cariñoso,íntimo,,,,
264,66,fat-leanXX.rankings,demelo,EN,lean,slim,thin,skinny,gaunt,emaciated,skeletal,
265,66,fat-leanXX.rankings,demelo,FR,fin,svelte,mince,maigre,maigrichon,émacié || décharné,squelettique,
266,66,fat-leanXX.rankings,demelo,EL,άπαχος,αδύνατος,λεπτός,ισχνός,λιπόσαρκος,κοκαλιάρης,σκελετωμένος || αποστεωμένος,
267,66,fat-leanXX.rankings,demelo,ES,esbelto,delgado,flaco,esmirriado,raquítico,esquelético,,
268,14,difficult-easyXX.rankings,demelo,EN,easy || simple || smooth,painless,effortless,,,,,
269,14,difficult-easyXX.rankings,demelo,FR,facile || simple || commode,aisé,,,,,,
270,14,difficult-easyXX.rankings,demelo,EL,εύκολος || απλός || ομαλός,ανώδυνος,πανεύκολος,,,,,
271,14,difficult-easyXX.rankings,demelo,ES,fácil,simple || sencillo,,,,,,
272,67,successful-unsuccessfulXX.rankings,demelo,EN,disappointed,frustrated,defeated,,,,,
273,67,successful-unsuccessfulXX.rankings,demelo,FR,déçu,frustré,vaincu || battu,,,,,
274,67,successful-unsuccessfulXX.rankings,demelo,EL,απογοητευμένος,αγανακτισμένος,αποτυχημένος || ηττημένος,,,,,
275,67,successful-unsuccessfulXX.rankings,demelo,ES,decepcionado,frustrado,derrotado,,,,,
276,68,single-multipleXX.rankings,demelo,EN,dual || double || doubled,triple || treble,quadruple,,,,,
277,68,single-multipleXX.rankings,demelo,FR,double,triple,quadruple,,,,,
278,68,single-multipleXX.rankings,demelo,EL,διπλός,τριπλός,τετραπλός,,,,,
279,68,single-multipleXX.rankings,demelo,ES,doble,triple,cuádruple,,,,,
280,69,audible-inaudibleXX.rankings,demelo,EN,quiet,inaudible || imperceptible,silent,,,,,
281,69,audible-inaudibleXX.rankings,demelo,FR,calme,inaudible || imperceptible,silencieux,,,,,
282,69,audible-inaudibleXX.rankings,demelo,EL,ήσυχος,αθόρυβος || ανεπαίσθητος,σιωπηλός || βουβός,,,,,
283,69,audible-inaudibleXX.rankings,demelo,ES,inaudible || imperceptible,silencioso,,,,,,
284,70,XXquiet-noisy.rankings,demelo,EN,soft,quiet,inaudible,silent,,,,
285,70,XXquiet-noisy.rankings,demelo,FR,doux,calme,inaudible,silencieux,,,,
286,70,XXquiet-noisy.rankings,demelo,EL,απαλός,ήσυχος ,αθόρυβος,σιωπηλός,,,,
287,70,XXquiet-noisy.rankings,demelo,ES,bajo,inaudible,silencioso,,,,,
288,71,realistic-unrealisticXX.rankings,demelo,EN,impractical,unrealistic,impossible,,,,,
289,71,realistic-unrealisticXX.rankings,demelo,FR,impraticable,irréalisable,impossible,,,,,
290,71,realistic-unrealisticXX.rankings,demelo,EL,ανεφάρμοστος,ουτοπικός,αδύνατος,,,,,
291,71,realistic-unrealisticXX.rankings,demelo,ES,impracticable,irrealizable,imposible,,,,,
292,72,distant-closeXX.rankings,demelo,EN,close,near,intimate,,,,,
293,72,distant-closeXX.rankings,demelo,FR,proche || à proximité,à côté,intime,,,,,
294,72,distant-closeXX.rankings,demelo,EL,κοντινός,στενός,οικείος,,,,,
295,72,distant-closeXX.rankings,demelo,ES,cercano,estrecho,íntimo,,,,,
296,15,hot-coldXX.rankings,demelo,EN,cool || refrigerated || chilly,cold,frigid,icy || frozen,,,,
297,15,hot-coldXX.rankings,demelo,FR,frais,froid,glacé,glacial || gelé,,,,
298,15,hot-coldXX.rankings,demelo,EL,δροσερός,κρύος,παγωμένος,παγερός || κατεψυγμένος,,,,
299,15,hot-coldXX.rankings,demelo,ES,fresco || enfriado,frío,helado,congelado,,,,
300,73,loud-softXX.rankings,demelo,EN,low,subdued,quiet,,,,,
301,73,loud-softXX.rankings,demelo,FR,bas,adouci ,silencieux,,,,,
302,73,loud-softXX.rankings,demelo,EL,χαμηλός,ήσυχος || σιωπηλός,αθόρυβος,,,,,
303,73,loud-softXX.rankings,demelo,ES,bajo,tenue || suave,silencioso,,,,,
304,74,mild-intenseXX.rankings,demelo,EN,strong,intense,terrible,overwhelming,violent,,,
305,74,mild-intenseXX.rankings,demelo,FR,fort,intense,terrible,accablant || écrasant,violent,,,
306,74,mild-intenseXX.rankings,demelo,EL,δυνατός,έντονος,τρομερός,συντριπτικός || σαρωτικός,βίαιος,,,
307,74,mild-intenseXX.rankings,demelo,ES,fuerte,intenso,terrible,abrumador,violento,,,
308,75,XXinteresting-uninteresting.rankings,demelo,EN,interesting,intriguing,amusing || entertaining,fascinating || exciting,,,,
309,75,XXinteresting-uninteresting.rankings,demelo,FR,intéressant,intriguant,amusant || divertissant,fascinant || passionnant || excitant,,,,
310,75,XXinteresting-uninteresting.rankings,demelo,EL,ενδιαφέρων,ελκυστικός,διασκεδαστικός || ψυχαγωγικός,συναρπαστικός,,,,
311,75,XXinteresting-uninteresting.rankings,demelo,ES,interesante,intrigante,entretenido || ameno,fascinante || emocionante,,,,
312,76,smooth-roughXX.rankings,demelo,EN,cracked,broken,crushed,,,,,
313,76,smooth-roughXX.rankings,demelo,FR,fendu || fissuré || craquelé,cassé,écrasé,,,,,
314,76,smooth-roughXX.rankings,demelo,EL,ραγισμένος,σπασμένος,θρυμματισμένος || κομματιασμένος,,,,,
315,76,smooth-roughXX.rankings,demelo,ES,agrietado,roto,machacado,,,,,
316,16,XXbeautiful-ugly.rankings,demelo,EN,handsome || lovely || gorgeous,beautiful || pretty || attractive,,,,,,
317,16,XXbeautiful-ugly.rankings,demelo,FR,beau,attirant,superbe || splendide,,,,,
318,16,XXbeautiful-ugly.rankings,demelo,EL,χαριτωμένος,όμορφος || ωραίος,ελκυστικός,πανέμορφος,,,,
319,16,XXbeautiful-ugly.rankings,demelo,ES,bonito,guapo,atractivo,hermoso || precioso,,,,
320,77,XXfull-empty.rankings,demelo,EN,full,stuffed,overloaded,overflowing,,,,
321,77,XXfull-empty.rankings,demelo,FR,plein,rempli || rembourré,surchargé,débordant,,,,
322,77,XXfull-empty.rankings,demelo,EL,γεμάτος,παραγεμισμένος,παραφορτωμένος,ξέχειλος,,,,
323,77,XXfull-empty.rankings,demelo,ES,lleno,relleno,sobrecargado,saturado,,,,
324,78,sane-insaneXX.rankings,demelo,EN,unstable,crazy,insane,,,,,
325,78,sane-insaneXX.rankings,demelo,FR,instable,fou,dément,,,,,
326,78,sane-insaneXX.rankings,demelo,EL,ασταθής,τρελός,παράφρων,,,,,
327,78,sane-insaneXX.rankings,demelo,ES,inestable,loco,demente,,,,,
328,79,dispensable-indispensableXX.rankings,demelo,EN,necessary,vital,indispensable,critical,,,,
329,79,dispensable-indispensableXX.rankings,demelo,FR,nécessaire,vital,indispensable,crucial || primordial,,,,
330,79,dispensable-indispensableXX.rankings,demelo,EL,αναγκαίος,ζωτικός,απαραίτητος,κρίσιμος,,,,
331,79,dispensable-indispensableXX.rankings,demelo,ES,necesario,vital,indispensable,crítico,,,,
332,80,big-littleXX.rankings,demelo,EN,small,smaller,midget,minute,tiny || minuscule,micro || microscopic,,
333,80,big-littleXX.rankings,demelo,FR,petit,moindre,nain,menu,minuscule || tout petit,microscopique,,
334,80,big-littleXX.rankings,demelo,EL,μικρός,μικρότερος,νάνος,παραμικρός,μικρούτσικος || μικρούλης,μικροσκοπικός,,
335,80,big-littleXX.rankings,demelo,ES,pequeño || chico,pequeñísimo,enano,diminuto,minúsculo,microscópico,,
336,81,XXcomprehensive-incomprehensive.rankings,demelo,EN,statewide,nationwide,worldwide,,,,,
337,81,XXcomprehensive-incomprehensive.rankings,demelo,FR,régional,national,mondial || universel,,,,,
338,81,XXcomprehensive-incomprehensive.rankings,demelo,EL,κρατικός,πανεθνικός,παγκόσμιος,,,,,
339,81,XXcomprehensive-incomprehensive.rankings,demelo,ES,estatal,nacional,mundial,,,,,
340,82,national-internationalXX.rankings,demelo,EN,transnational,international,global,,,,,
341,82,national-internationalXX.rankings,demelo,FR,multinational,international,global || mondial || universel,,,,,
342,82,national-internationalXX.rankings,demelo,EL,διεθνικός,διεθνής,παγκόσμιος,,,,,
343,82,national-internationalXX.rankings,demelo,ES,internacional,multinacional,global,,,,,
344,83,comfortable-uncomfortableXX.rankings,demelo,EN,uncomfortable,uneasy,painful,,,,,
345,83,comfortable-uncomfortableXX.rankings,demelo,FR,inconfortable,gêné || embarrassé,pénible,,,,,
346,83,comfortable-uncomfortableXX.rankings,demelo,EL,άβολος,αμήχανος,επώδυνος,,,,,
347,83,comfortable-uncomfortableXX.rankings,demelo,ES,incómodo,molesto,doloroso,,,,,
348,18,good-badXX.rankings,demelo,EN,hard,painful,hopeless,,,,,
349,18,good-badXX.rankings,demelo,FR,dur || difficile,pénible,désespéré ,,,,,
350,18,good-badXX.rankings,demelo,EL,δύσκολος,επίπονος,απελπιστικός,,,,,
351,18,good-badXX.rankings,demelo,ES,difícil,doloroso,desesperado,,,,,
352,84,XXsugary-nonsweet.rankings,demelo,EN,sweet,sugary,syrupy,,,,,
353,84,XXsugary-nonsweet.rankings,demelo,FR,doux,sucré,sirupeux,,,,,
354,84,XXsugary-nonsweet.rankings,demelo,EL,γλυκός,ζαχαρώδης || ζαχαρούχος,σιροπιαστός || γλυκύτατος,,,,,
355,84,XXsugary-nonsweet.rankings,demelo,ES,dulce,azucarado,almibarado,,,,,
356,85,XXconcerned-unconcerned.rankings,demelo,EN,concerned,preoccupied,obsessed,,,,,
357,85,XXconcerned-unconcerned.rankings,demelo,FR,inquiet || soucieux,préoccupé,obsédé,,,,,
358,85,XXconcerned-unconcerned.rankings,demelo,EL,ανήσυχος,προβληματισμένος,εμμονικός,,,,,
359,85,XXconcerned-unconcerned.rankings,demelo,ES,preocupado,angustiado,obsesionado,,,,,
360,86,virtuous-wickedXX.rankings,demelo,EN,wrong,immoral,sinful,evil,,,,
361,86,virtuous-wickedXX.rankings,demelo,FR,faux,immoral,débauché || dépravé,malfaisant,,,,
362,86,virtuous-wickedXX.rankings,demelo,EL,λανθασμένος,ανήθικος,αμαρτωλός,σατανικός,,,,
363,86,virtuous-wickedXX.rankings,demelo,ES,incorrecto,inmoral,ilícito,maligno,,,,
364,87,XXavailable-unavailable.rankings,demelo,EN,available,accessible,visible,,,,,
365,87,XXavailable-unavailable.rankings,demelo,FR,disponible,accessible,visible,,,,,
366,87,XXavailable-unavailable.rankings,demelo,EL,διαθέσιμος,προσβάσιμος,ορατός,,,,,
367,87,XXavailable-unavailable.rankings,demelo,ES,disponible,accesible,visible,,,,,
368,88,friendly-unfriendlyXX.rankings,demelo,EN,cool || chilly,unfriendly,hostile,,,,,
369,88,friendly-unfriendlyXX.rankings,demelo,FR,froid,antipathique,hostile,,,,,
370,88,friendly-unfriendlyXX.rankings,demelo,EL,ψυχρός,αντιπαθητικός,εχθρικός,,,,,
371,88,friendly-unfriendlyXX.rankings,demelo,ES,frío || arisco,antipático || desagradable,hostil,,,,,
372,89,XXample-meager.rankings,demelo,EN,sufficient,good || wide,full,,,,,
373,89,XXample-meager.rankings,demelo,FR,suffisant,bon,plein,,,,,
374,89,XXample-meager.rankings,demelo,EL,αρκετός,πολύς || ευρύς,γεμάτος,,,,,
375,89,XXample-meager.rankings,demelo,ES,suficiente || bastante,amplio,,,,,,
376,90,XXhigh-low.rankings,demelo,EN,high,higher,soaring,,,,,
377,90,XXhigh-low.rankings,demelo,FR,haut || élevé,plus haut || plus élevé,,,,,,
378,90,XXhigh-low.rankings,demelo,EL,ψηλός,ψηλότερος,απογειωμένος,,,,,
379,90,XXhigh-low.rankings,demelo,ES,alto,elevado,altísimo,,,,,
380,91,XXvalid-invalid.rankings,demelo,EN,reasonable,valid,sound,,,,,
381,91,XXvalid-invalid.rankings,demelo,FR,raisonnable,valable || valide,solide,,,,,
382,91,XXvalid-invalid.rankings,demelo,EL,λογικός ,έγκυρος,επικυρωμένος || έγκριτος,,,,,
383,91,XXvalid-invalid.rankings,demelo,ES,razonable,válido,sólido,,,,,
384,92,XXnecessary-unnecessary.rankings,demelo,EN,needed,necessary,required || essential,indispensable,,,,
385,92,XXnecessary-unnecessary.rankings,demelo,FR,,nécessaire,requis || essentiel,indispensable,,,,
386,92,XXnecessary-unnecessary.rankings,demelo,EL,απαιτούμενος,αναγκαίος,επιβεβλημένος || απαραίτητος,,,,,
387,92,XXnecessary-unnecessary.rankings,demelo,ES,necesario,esencial,indispensable || imprescindible,,,,,
388,93,XXfar-close.rankings,demelo,EN,far,further || farther,removed,,,,,
389,93,XXfar-close.rankings,demelo,FR,lointain || éloigné,plus éloigné,retiré,,,,,
390,93,XXfar-close.rankings,demelo,EL,μακρινός,μακρύτερος,απομακρυσμένος,,,,,
391,93,XXfar-close.rankings,demelo,ES,apartado,lejano,remoto,,,,,
392,94,b,demelo,EN,sick || ill,impaired,disabled,,,,,
393,95,fit-unfitXX.rankings,demelo,FR,malade,affaibli,infirme || handicapé,,,,,
394,95,fit-unfitXX.rankings,demelo,EL,άρρωστος || ασθενής,επιβαρυμένος || εξασθενημένος,ανάπηρος,,,,,
395,95,fit-unfitXX.rankings,demelo,ES,indispuesto,enfermo,discapacitado,,,,,
396,96,XXstimulating-unexciting.rankings,demelo,EN,interesting,moving,exciting,thrilling,,,,
397,96,XXstimulating-unexciting.rankings,demelo,FR,intéressant,émouvant || touchant,passionnant,palpitant,,,,
398,96,XXstimulating-unexciting.rankings,demelo,EL,ενδιαφέρων,συγκινητικός,συναρπαστικός,συγκλονιστικός,,,,
399,96,XXstimulating-unexciting.rankings,demelo,ES,interesante,emotivo,emocionante,apasionante,,,,
400,97,XXprivate-public.rankings,demelo,EN,personal,private,secret,,,,,
401,97,XXprivate-public.rankings,demelo,FR,personnel,privé,secret,,,,,
402,97,XXprivate-public.rankings,demelo,EL,προσωπικός,ιδιωτικός,κρυφός,,,,,
403,97,XXprivate-public.rankings,demelo,ES,personal,privado,secreto,,,,,
404,98,expensive-cheapXX.rankings,demelo,EN,affordable,inexpensive,cheap,,,,,
405,98,expensive-cheapXX.rankings,demelo,FR,abordable,bon marché ,pas cher ,,,,,
406,98,expensive-cheapXX.rankings,demelo,EL,προσιτός,οικονομικός,φτηνός || φθηνός,,,,,
407,98,expensive-cheapXX.rankings,demelo,ES,asequible,económico,barato,,,,,
408,99,safe-dangerousXX.rankings,demelo,EN,unreliable,dangerous || risky,suicidal,,,,,
409,99,safe-dangerousXX.rankings,demelo,FR,pas fiable,dangereux ,suicidaire,,,,,
410,99,safe-dangerousXX.rankings,demelo,EL,αφερέγγυος || αναξιόπιστος,επικίνδυνος || επισφαλής,καταστροφικός || θανάσιμος,,,,,
411,99,safe-dangerousXX.rankings,demelo,ES,arriesgado,peligroso,suicida,,,,,
412,100,fortunate-unfortunateXX.rankings,demelo,EN,unfortunate,disastrous,fatal,,,,,
413,100,fortunate-unfortunateXX.rankings,demelo,FR,malheureux,désastreux || catastrophique,fatal || mortel,,,,,
414,100,fortunate-unfortunateXX.rankings,demelo,EL,ατυχής,καταστροφικός || καταστρεπτικός,ολέθριος || θανάσιμος ,,,,,
415,100,fortunate-unfortunateXX.rankings,demelo,ES,desafortunado,desastroso,fatal,,,,,
416,101,XXaware-incognizant.rankings,demelo,EN,alive,awake,aware || conscious,,,,,
417,101,XXaware-incognizant.rankings,demelo,FR,vivant,éveillé,conscient ,,,,,
418,101,XXaware-incognizant.rankings,demelo,EL,ζωντανός,ξύπνιος,ενσυνείδητος,,,,,
419,101,XXaware-incognizant.rankings,demelo,ES,vivo,despierto,consciente,,,,,
420,102,XXlike-unlike.rankings,demelo,EN,like,equal,same,,,,,
421,102,XXlike-unlike.rankings,demelo,FR,similaire || pareil,égal,même,,,,,
422,102,XXlike-unlike.rankings,demelo,EL,όμοιος,ίσος,ίδιος,,,,,
423,102,XXlike-unlike.rankings,demelo,ES,parecido,igual,idéntico,,,,,
424,103,XXstrange-familiar.rankings,demelo,EN,strange || funny,unusual,weird,eerie,,,,
425,103,XXstrange-familiar.rankings,demelo,FR,étrange,insolite,bizarre,sinistre,,,,
426,103,XXstrange-familiar.rankings,demelo,EL,περίεργος,ασυνήθιστος || σπάνιος,παράξενος,απόκοσμος,,,,
427,103,XXstrange-familiar.rankings,demelo,ES,raro || extraño,inusual,insólito,,,,,
428,104,clean-dirtyXX.rankings,demelo,EN,indecent,profane,obscene,,,,,
429,104,clean-dirtyXX.rankings,demelo,FR,indécent,vulgaire || grossier,obscène,,,,,
430,104,clean-dirtyXX.rankings,demelo,EL,άσεμνος || απρεπής,βλάσφημος,χυδαίος || αισχρός,,,,,
431,104,clean-dirtyXX.rankings,demelo,ES,indecente,obsceno,vulgar,,,,,
